kmer,coefficient
gt,2.1751375119189196
tg,2.1042676820418116
cg,1.6973602075978633
at,1.6292439557570577
ga,1.5055140238996654
gc,1.3511924961241293
ta,1.0900399644454448
ag,1.028869662464371
tt,0.9573930068239284
gg,0.8958907320408658
aa,0.8926295711115433
ac,0.7877277610965346
ct,0.632853768225514
ca,0.614741860043018
tc,0.5814044123664941
